Tool Name,Best For / Short Description,Category,Input Type,Style Bias,Prompt Structure,Recommended Template,Image Link
Sora (OpenAI),Extended scenes and realistic physics.,Standard,Text,Cinematic / Realistic,Subject + Action + Scene/Environment + Camera Movement + Lighting/Mood + Style.,"[Shot Type] of [Subject] [Action] through [Environment] at [Time], [Lighting], [Depth-of-field], [Style]",
Luma Dream Machine,"High-fidelity, physics-accurate video.",Standard,Text/Image,Realistic,Subject + Action + Camera + Lighting + Style.,"[Subject] [Action], [Camera Movement], [Lighting], [Style]",
Runway Gen-3 Alpha,Professional editing and motion control.,Standard,Text/Image,Professional,[camera movement]: [establishing scene]. [additional details].,"[Shot Type + Camera Movement]: [Subject Description] [Action] in [Setting]. [Movement Type], [Lighting Style], [Aesthetic]",
Kling AI (1.5/2.0),Physics-heavy and long-duration video.,Standard,Text/Image,Cinematic,Subject + Action + Scene + Camera + Style.,"[Subject] [Action] in [Scene], [Camera Movement], [Style]",
Pika 1.5/2.0,Creative animation and lip-sync.,Stylized,Text/Image,Animation/Stylized,Subject + Action + Style + Motion Control.,"[Subject] [Action], [Style], -motion [1-4]",
Google Veo,Studio-grade content and commercial dialogue.,Photorealistic,Text,Realistic,Shot Type + Subject + Action + Setting + Style + Camera + Lighting.,"[Shot Type] of [Subject] [Action], [Setting], [Style], [Camera], [Lighting]",
Hailuo AI (MiniMax),"High-impact, fast-paced social clips.",Standard,Text,Clean,Subject + Action + Scene + Mood + Camera.,"[Subject] [Action], [Scene], [Mood], [Camera]",
Luma Ray,Real-time video generation and editing.,Real-time,Text/Image,Realistic,Subject + Action + Style.,"[Subject] [Action], [Style]",
Adobe Firefly Video,Commercial-safe video for editors.,Design,Text/Image,Clean,Subject + Action + Style + Camera.,"[Subject] [Action], [Style], [Camera]",
Leonardo Motion,Animate images with fine control.,Creative Suite,Image,Versatile,Image Reference + Motion Strength + Style.,"[Image] with [Motion Strength], [Style]",
HeyGen,AI avatars and video translation.,Avatar,Text/Video,Realistic,Avatar + Script + Background + Voice.,[Avatar] says [Script] in [Background],
Synthesia,Corporate training and presentation videos.,Avatar,Text,Professional,Avatar + Script + Layout + Scene.,[Avatar] in [Scene] with [Layout],
Kaiber,Music video and artistic animation.,Art,Image/Audio,Stylized,Subject + Style + Audio Reactivity.,"[Subject], [Style], [Audio Reactive Settings]",
Wonder Dynamics,CG character replacement in live action.,VFX,Video,Realistic,Video + CG Character + Environment.,[Video] replace [Subject] with [CG Character],